System.Id,System.Title,Microsoft.VSTS.Common.CreatedDate,System.Effort,System.State,System.IterationPath,System.WorkItemType,Microsoft.VSTS.Common.BacklogPriority,Microsoft.VSTS.Common.ActivatedDate,Microsoft.VSTS.Common.ClosedDate
121,"Lorem ipsum dolor sit amet, consectetur adipiscing elit.",2016-04-20T10:30:31.000Z,8,Done,\Sprint 2,Product Backlog Item,748900322,2016-05-02T09:50:03.000Z,2016-05-11T13:44:32.000Z
122,"Curabitur finibus purus at purus pretium, ut semper lectus rhoncus.",2016-04-20T10:30:31.000Z,13,Done,\Sprint 2,Product Backlog Item,666640847,2016-05-02T09:50:01.000Z,2016-05-12T14:08:37.000Z
123,Vestibulum rhoncus eros vel odio maximus egestas.,2016-04-20T10:30:31.000Z,2,Done,\Sprint 2,Product Backlog Item,747429219,2016-05-02T09:50:02.000Z,2016-05-12T14:08:39.000Z
124,Suspendisse tempus elit sit amet tellus vulputate tempor.,2016-04-20T10:30:31.000Z,3,Done,\Sprint 2,Product Backlog Item,748998396,2016-05-09T12:11:56.000Z,2016-05-19T11:56:39.000Z
125,"Integer id nisi suscipit, ultricies dui sed, venenatis sapien.",2016-05-03T17:15:51.000Z,3,Done,\Sprint 2,Product Backlog Item,748918710,2016-05-09T12:12:28.000Z,2016-05-20T13:39:22.000Z
126,Etiam feugiat tellus pulvinar pretium malesuada.,2016-04-21T18:18:59.000Z,5,Done,\Sprint 2,Product Backlog Item,748924840,2016-05-09T12:12:30.000Z,2016-05-20T13:39:23.000Z
127,"Praesent pellentesque lectus consectetur, convallis augue ac, imperdiet magna.",2016-04-20T10:30:31.000Z,3,Done,\Sprint 2,Product Backlog Item,748925223,2016-05-09T12:11:55.000Z,2016-05-20T13:39:24.000Z
128,"Nunc commodo felis nec nisi dictum, eu fringilla lorem pulvinar.",2016-04-20T10:30:31.000Z,1,Done,\Sprint 2,Product Backlog Item,749120988,2016-05-09T12:11:57.000Z,2016-05-20T13:39:25.000Z
129,Pellentesque scelerisque quam non vulputate pretium.,2016-05-23T10:55:54.000Z,,Done,\Sprint 3,Product Backlog Item,749122627,2016-05-23T12:08:45.000Z,2016-05-26T11:07:57.000Z
130,Duis facilisis sem in ex aliquet consequat.,2016-05-23T10:49:48.000Z,3,Done,\Sprint 3,Product Backlog Item,749081573,2016-05-23T12:08:45.000Z,2016-05-30T13:57:41.000Z
131,Cras eleifend ipsum eu gravida vulputate.,2016-04-29T15:45:59.000Z,3,Done,\Sprint 3,Product Backlog Item,749243580,2016-05-23T12:08:45.000Z,2016-06-02T17:02:40.000Z
132,"Proin ullamcorper turpis vehicula sapien sollicitudin, et ultrices nulla placerat.",2016-04-20T10:30:31.000Z,3,Done,\Sprint 3,Product Backlog Item,749166960,2016-05-23T12:08:45.000Z,2016-06-02T17:02:42.000Z
133,"Praesent at lacus ornare, porta nibh sed, auctor mi.",2016-05-09T11:17:12.000Z,3,Done,\Sprint 3,Product Backlog Item,749151636,2016-05-23T12:08:45.000Z,2016-06-02T17:02:46.000Z
134,"Aenean congue nisl vel orci tincidunt, sed pellentesque elit semper.",2016-04-29T09:38:11.000Z,5,Done,\Sprint 3,Product Backlog Item,749182284,2016-05-23T12:08:45.000Z,2016-06-02T17:03:06.000Z
135,Aenean non orci eu magna lacinia ornare.,2016-05-19T12:29:07.000Z,,Done,\Sprint 3,Product Backlog Item,749136312,2016-05-23T12:08:45.000Z,2016-06-02T17:03:08.000Z
136,Mauris in tortor quis metus tempus mollis quis nec libero.,2016-04-21T18:23:30.000Z,3,Done,\Sprint 1,Product Backlog Item,748912581,2016-05-02T09:50:05.000Z,2016-06-03T11:54:07.000Z
137,"Sed mollis tellus vitae felis auctor, vel commodo diam varius.",2016-04-20T10:30:31.000Z,5,Done,\Sprint 4,Product Backlog Item,749680314,2016-06-06T11:07:54.000Z,2016-06-17T13:32:31.000Z
138,Duis eu enim non nisi auctor rhoncus sed nec velit.,2016-04-20T10:30:31.000Z,8,Done,\Sprint 4,Product Backlog Item,749584539,2016-06-06T11:07:51.000Z,2016-06-17T13:32:40.000Z
139,"Fusce mattis magna lobortis, hendrerit ex id, feugiat mauris.",2016-05-25T10:19:26.000Z,3,Done,\Sprint 4,Product Backlog Item,749824126,2016-06-06T11:08:00.000Z,2016-06-17T13:47:40.000Z
140,Proin lacinia ante ut nunc aliquam condimentum.,2016-04-20T10:30:31.000Z,8,Done,\Sprint 4,Product Backlog Item,749776089,2016-06-06T11:07:57.000Z,2016-06-17T13:50:11.000Z
141,Donec fermentum lacus eget libero congue varius.,2016-04-20T10:30:31.000Z,8,Done,\Sprint 5,Product Backlog Item,749560596,2016-06-06T11:07:48.000Z,2016-07-01T13:34:01.000Z
142,"Suspendisse nec turpis interdum, scelerisque massa ac, maximus ligula.",2016-05-23T11:02:35.000Z,3,Done,\Sprint 5,Product Backlog Item,749536652,2016-05-23T12:08:45.000Z,2016-07-01T13:35:28.000Z
143,Praesent quis nulla et ex lobortis vulputate.,2016-06-28T12:15:04.000Z,,Done,\Sprint 5,Product Backlog Item,1806925372,2016-06-30T10:52:40.000Z,2016-07-01T13:35:45.000Z
144,"Donec pellentesque nulla in leo malesuada, non lacinia elit ultrices.",2016-06-06T10:51:11.000Z,1,Done,\Sprint 5,Product Backlog Item,749081573,2016-06-06T11:07:46.000Z,2016-07-01T13:47:41.000Z
145,Donec ultrices magna nec laoreet tempus.,2016-06-20T14:44:28.000Z,3,Done,\Sprint 6,Product Backlog Item,1541801060,2016-06-23T11:44:18.000Z,2016-07-11T12:12:05.000Z
146,Integer porta leo eget sapien cursus aliquam.,2016-06-15T16:36:35.000Z,5,Done,\Sprint 6,Product Backlog Item,1758470889,2016-06-23T11:44:21.000Z,2016-07-11T12:12:22.000Z
147,"Mauris scelerisque nisi in nulla dictum, vitae congue ligula pretium.",2016-06-21T14:22:11.000Z,5,Done,\Sprint 6,Product Backlog Item,1807718840,2016-07-04T12:41:48.000Z,2016-07-14T14:16:47.000Z
148,Vestibulum elementum ipsum et rutrum consequat.,2016-06-01T14:09:59.000Z,5,Done,\Sprint 6,Product Backlog Item,1650135974,2016-06-23T11:44:20.000Z,2016-07-15T13:49:36.000Z
149,"Curabitur finibus metus sit amet dolor dapibus, id aliquet libero rutrum.",2016-06-01T14:09:59.000Z,3,Done,\Sprint 6,Product Backlog Item,1785554618,2016-06-23T11:44:22.000Z,2016-07-15T13:49:55.000Z
150,Ut non libero ut nunc venenatis euismod.,2016-07-07T10:18:33.000Z,,Done,\Sprint 6,Product Backlog Item,1772012754,2016-07-07T10:19:14.000Z,2016-07-18T10:40:36.000Z
151,"Nullam sit amet ipsum semper, vulputate est sit amet, volutpat nunc.",2016-06-01T14:09:59.000Z,5,Done,\Sprint 6,Product Backlog Item,1807454351,2016-07-04T12:41:48.000Z,2016-07-18T13:38:42.000Z
152,"Donec consequat nunc quis ipsum tincidunt, non efficitur lacus ullamcorper.",2016-07-06T16:44:40.000Z,2,Done,\Sprint 6,Product Backlog Item,1807719190,2016-07-08T09:53:01.000Z,2016-07-18T13:39:20.000Z
153,"Curabitur et arcu ornare, tempor diam a, posuere leo.",2016-07-21T14:39:04.000Z,,Done,\Sprint 7,Product Backlog Item,748684775,2016-07-22T13:40:15.000Z,2016-07-22T13:40:17.000Z
154,Curabitur mattis turpis eget malesuada imperdiet.,2016-07-22T14:49:28.000Z,5,Done,\Sprint 7,Product Backlog Item,1278143850,2016-07-25T09:49:54.000Z,2016-07-29T12:52:40.000Z
155,Ut maximus mauris eget finibus eleifend.,2016-07-18T10:51:50.000Z,5,Done,\Sprint 7,Product Backlog Item,1278144276,2016-07-18T12:52:39.000Z,2016-07-29T13:36:00.000Z
156,Etiam condimentum ex eget dolor bibendum maximus a vel leo.,2016-06-15T16:39:45.000Z,3,Done,\Sprint 7,Product Backlog Item,1278145696,2016-07-18T12:52:41.000Z,2016-07-29T13:37:19.000Z
157,"Curabitur sed mauris sodales, porta lacus eget, ultrices sem.",2016-07-13T15:49:20.000Z,5,Done,\Sprint 7,Product Backlog Item,1278146264,2016-07-18T13:40:20.000Z,2016-07-29T15:43:01.000Z
158,In at tellus at orci sagittis vulputate.,2016-07-04T16:30:59.000Z,13,Done,\Sprint 7,Product Backlog Item,1278145128,2016-07-18T12:52:38.000Z,2016-07-29T15:43:19.000Z
159,"Curabitur in ligula luctus, vehicula est et, commodo odio.",2016-07-20T09:53:56.000Z,3,Done,\Sprint 8,Product Backlog Item,747876114,2016-08-02T11:10:13.000Z,2016-08-08T11:14:10.000Z
160,Aliquam pellentesque libero at euismod venenatis.,2016-06-27T16:19:35.000Z,3,Done,\Sprint 8,Product Backlog Item,747873834,2016-08-02T11:10:13.000Z,2016-08-10T14:24:38.000Z
161,Morbi aliquam ante convallis ipsum pharetra tincidunt.,2016-06-20T16:25:34.000Z,5,Done,\Sprint 8,Product Backlog Item,747874974,2016-08-02T11:10:13.000Z,2016-08-12T14:26:24.000Z
162,Curabitur bibendum purus non venenatis convallis.,2016-08-03T16:38:00.000Z,,Done,\Sprint 8,Product Backlog Item,,2016-08-16T12:45:20.000Z,2016-08-16T12:45:35.000Z
163,"Aenean non velit placerat, mollis orci vel, blandit metus.",2016-07-13T15:51:26.000Z,2,Done,\Sprint 9,Product Backlog Item,747873976,2016-08-02T11:10:13.000Z,2016-08-18T15:38:30.000Z
164,Quisque non ligula at eros egestas dictum.,2016-08-03T17:10:18.000Z,2,Done,\Sprint 9,Product Backlog Item,747874190,2016-08-03T18:20:13.000Z,2016-08-18T15:39:41.000Z
165,"Phasellus venenatis dolor finibus dolor pulvinar, non dignissim purus iaculis.",2016-07-25T15:35:00.000Z,1,Done,\Sprint 9,Product Backlog Item,747891494,2016-08-15T18:40:45.000Z,2016-08-18T18:53:28.000Z
166,Maecenas quis nunc et eros ullamcorper porta et vitae sem.,2016-07-29T11:16:58.000Z,2,Done,\Sprint 9,Product Backlog Item,747893203,2016-08-15T18:40:38.000Z,2016-08-25T18:48:11.000Z
167,Ut in tellus eu mauris rutrum dapibus.,2016-06-20T14:47:13.000Z,5,Done,\Sprint 9,Product Backlog Item,747894912,2016-08-02T11:10:13.000Z,2016-08-25T18:48:20.000Z
168,"Phasellus vitae lectus facilisis, semper enim non, varius ante.",2016-07-29T15:46:37.000Z,3,Done,\Sprint 9,Product Backlog Item,747896194,2016-08-15T18:40:25.000Z,2016-08-25T18:48:32.000Z
169,"Donec facilisis lectus et ligula vestibulum, nec eleifend nulla auctor.",2016-07-13T13:56:56.000Z,3,Done,\Sprint 9,Product Backlog Item,747895767,2016-08-18T18:36:50.000Z,2016-08-25T18:48:40.000Z
170,"In efficitur erat et augue ornare, quis sodales nisi consequat.",2016-08-22T13:00:30.000Z,2,Done,\Sprint 9,Product Backlog Item,748061783,2016-08-29T11:24:17.000Z,2016-08-29T11:24:21.000Z
171,"Quisque id mauris mollis, sollicitudin purus imperdiet, porttitor felis.",2016-08-18T18:52:56.000Z,,Done,\Sprint 9,Product Backlog Item,748113707,2016-09-05T17:33:32.000Z,2016-09-05T17:33:44.000Z
172,Nam non sapien at ante ultricies accumsan at nec nulla.,2016-08-15T16:50:25.000Z,5,Done,\Sprint 10,Product Backlog Item,746587374,2016-08-23T15:44:11.000Z,2016-09-07T12:49:35.000Z
173,Vivamus placerat libero a euismod tincidunt.,2016-06-01T14:09:59.000Z,5,Done,\Sprint 10,Product Backlog Item,746591928,2016-09-05T17:35:00.000Z,2016-09-07T12:49:45.000Z
174,Nullam efficitur sapien sit amet nunc pulvinar ultrices.,2016-08-24T11:18:43.000Z,,Done,\Sprint 9,Product Backlog Item,748120545,2016-09-05T17:35:08.000Z,2016-09-07T12:52:57.000Z
175,Suspendisse molestie metus a est venenatis tempor.,2016-08-24T17:18:52.000Z,1,Done,\Sprint 10,Product Backlog Item,746578266,2016-08-29T11:56:44.000Z,2016-09-07T15:50:22.000Z
176,"Maecenas a ipsum aliquam, elementum nisi quis, semper augue.",2016-07-19T14:36:23.000Z,3,Done,\Sprint 10,Product Backlog Item,746582820,2016-08-29T11:56:50.000Z,2016-09-07T15:54:48.000Z
177,"Integer feugiat lectus vitae dui dignissim, eleifend porta mi vehicula.",2016-08-15T16:48:37.000Z,3,Done,\Sprint 10,Product Backlog Item,746573712,2016-08-23T15:44:05.000Z,2016-09-09T10:37:01.000Z
178,Ut venenatis quam sed tellus rutrum fermentum.,2016-07-29T16:08:24.000Z,3,Done,\Sprint 10,Product Backlog Item,746432549,2016-08-29T11:56:20.000Z,2016-09-09T11:17:11.000Z
179,"Vivamus ultricies dolor quis eros laoreet, vitae tempus odio posuere.",2016-07-29T15:46:03.000Z,8,Done,\Sprint 10,Product Backlog Item,746459870,2016-08-02T11:10:35.000Z,2016-09-09T11:17:33.000Z
180,Maecenas eu ante at nisi vehicula semper.,2016-07-29T15:45:54.000Z,5,Done,\Sprint 10,Product Backlog Item,746487191,2016-08-15T18:40:31.000Z,2016-09-09T11:17:40.000Z
181,Maecenas lacinia urna rhoncus lectus tempor maximus.,2016-07-29T15:46:15.000Z,1,Done,\Sprint 10,Product Backlog Item,746514513,2016-08-29T11:56:26.000Z,2016-09-09T11:17:45.000Z
182,Etiam consequat arcu venenatis mollis euismod.,2016-07-29T15:46:23.000Z,3,Done,\Sprint 10,Product Backlog Item,746541835,2016-08-29T11:56:32.000Z,2016-09-09T11:17:53.000Z
183,Proin ut sem vehicula nulla porta lacinia.,2016-08-15T13:57:29.000Z,3,Done,\Sprint 10,Product Backlog Item,746569158,2016-08-29T11:56:37.000Z,2016-09-09T11:17:59.000Z
184,"Etiam vestibulum nibh id tortor viverra, sed faucibus mi finibus.",2016-09-07T17:08:28.000Z,,Done,\Sprint 10,Product Backlog Item,746391569,2016-09-07T17:08:44.000Z,2016-09-09T16:59:10.000Z
185,Quisque vulputate magna ac dapibus fermentum.,2016-07-20T10:27:05.000Z,8,Done,\Sprint 10,Product Backlog Item,746418889,2016-08-16T12:44:30.000Z,2016-09-13T09:42:50.000Z
186,Etiam scelerisque tellus in orci fringilla porta.,2016-07-06T16:16:00.000Z,2,Done,\Sprint 11,Product Backlog Item,748236413,2016-09-13T15:03:55.000Z,2016-09-23T12:01:21.000Z
187,Maecenas non urna efficitur lectus dignissim eleifend.,2016-07-06T16:16:04.000Z,5,Done,\Sprint 11,Product Backlog Item,748238692,2016-09-13T15:03:55.000Z,2016-09-23T12:01:24.000Z
188,"Donec vitae lorem porttitor, accumsan ligula in, sagittis lacus.",2016-07-18T14:23:57.000Z,2,Done,\Sprint 11,Product Backlog Item,748239160,2016-09-13T15:03:55.000Z,2016-09-23T12:01:32.000Z
189,"Vivamus elementum augue ut arcu ullamcorper, non eleifend nulla fermentum.",2016-09-01T18:30:56.000Z,3,Done,\Sprint 11,Product Backlog Item,748239746,2016-09-14T10:40:57.000Z,2016-09-23T12:02:30.000Z
190,Mauris vitae lorem maximus nulla pharetra luctus sit amet sit amet urna.,2016-09-06T10:22:30.000Z,3,Done,\Sprint 11,Product Backlog Item,748239687,2016-09-13T15:12:45.000Z,2016-09-23T12:02:57.000Z
191,"Praesent quis est aliquam, dapibus sem a, porta lacus.",2016-07-29T17:14:44.000Z,3,Done,\,Product Backlog Item,747738582,2016-09-13T15:03:55.000Z,2016-09-26T10:51:17.000Z
